<?xml version="1.0" encoding="UTF-8"?>
<project-private xmlns="http://www.netbeans.org/ns/project-private/1">
    <editor-bookmarks xmlns="http://www.netbeans.org/ns/editor-bookmarks/2" lastBookmarkId="0"/>
    <open-files xmlns="http://www.netbeans.org/ns/projectui-open-files/2">
        <group>
            <file>file:/D:/Pharmacy%20management%20system/src/business/Store.java</file>
            <file>file:/D:/Pharmacy%20management%20system/src/business/AddData.java</file>
            <file>file:/D:/Pharmacy%20management%20system/src/business/Order.java</file>
            <file>file:/D:/Pharmacy%20management%20system/src/business/StoreDirectory.java</file>
            <file>file:/D:/Pharmacy%20management%20system/src/business/Drug.java</file>
            <file>file:/D:/Pharmacy%20management%20system/src/business/PharmacyDirectory.java</file>
            <file>file:/D:/Pharmacy%20management%20system/src/business/Validator.java</file>
            <file>file:/D:/Pharmacy%20management%20system/src/business/Pharmacy.java</file>
            <file>file:/D:/Pharmacy%20management%20system/src/business/OrderItem.java</file>
            <file>file:/D:/Pharmacy%20management%20system/src/business/MasterOrderCatalog.java</file>
            <file>file:/D:/Pharmacy%20management%20system/src/business/DrugCatalog.java</file>
        </group>
    </open-files>
</project-private>
